{
  "vector": {
    "n": 50,
    "hit_rate": 0.44,
    "mrr": 0.36666666666666664,
    "entity_coverage": 0.0,
    "relation_coverage": 0.0
  },
  "kg_only": {
    "n": 50,
    "hit_rate": 0.56,
    "mrr": 0.3906666666666667,
    "entity_coverage": 0.27,
    "relation_coverage": 0.0
  },
  "mix": {
    "n": 50,
    "hit_rate": 0.56,
    "mrr": 0.4206666666666667,
    "entity_coverage": 0.27,
    "relation_coverage": 0.0
  }
}